"","beta0","beta1","beta2_1","beta2_2","p11","p22","delta1","delta2","gamma1","gamma2","gamma3","gamma4","gamma5"
"estimation",0.30578189953064,0.191927216043054,0.304262330366955,0.70334753095914,0.704294035688414,0.562034999899293,1.00041244252104,0.997073772281549,-0.504544989287528,0.313414871449038,0.777224751220712,0.00561125588927495,0.00541671580114312
"error",3.34303621824145e-05,6.51698408155184e-05,1.81674601570682e-05,1.12059635223984e-05,1.84387424933742e-05,0.026255341192364,1.70108833158993e-07,8.56280866023271e-06,2.06569276237443e-05,0.000179958775994205,0.000518711956958442,3.14861926549228e-05,2.93408100703536e-05
"0.05",0.30578189953064,0.191927216043054,0.304262330366955,0.70334753095914,0.704294035688414,0.562034999899293,1.00041244252104,0.997073772281549,-0.504544989287528,0.313414871449038,0.777224751220712,0.00561125588927495,0.00541671580114312
"0.25",0.30578189953064,0.191927216043054,0.304262330366955,0.70334753095914,0.704294035688414,0.562034999899293,1.00041244252104,0.997073772281549,-0.504544989287528,0.313414871449038,0.777224751220712,0.00561125588927495,0.00541671580114312
"0.5",0.30578189953064,0.191927216043054,0.304262330366955,0.70334753095914,0.704294035688414,0.562034999899293,1.00041244252104,0.997073772281549,-0.504544989287528,0.313414871449038,0.777224751220712,0.00561125588927495,0.00541671580114312
"0.75",0.30578189953064,0.191927216043054,0.304262330366955,0.70334753095914,0.704294035688414,0.562034999899293,1.00041244252104,0.997073772281549,-0.504544989287528,0.313414871449038,0.777224751220712,0.00561125588927495,0.00541671580114312
"0.95",0.30578189953064,0.191927216043054,0.304262330366955,0.70334753095914,0.704294035688414,0.562034999899293,1.00041244252104,0.997073772281549,-0.504544989287528,0.313414871449038,0.777224751220712,0.00561125588927495,0.00541671580114312
