"","beta0","beta1","beta2_1","beta2_2","p11","p22","delta1","delta2","gamma1","gamma2","gamma3","gamma4","gamma5"
"estimation",0.304883871963671,0.196517931694867,0.405846676657641,0.599620242421411,0.59588068912498,0.505664050310755,1.00027909103719,0.984782176232183,-0.484955741002375,0.285181096824153,0.791687680745035,-0.0113046324521305,0.0131554738055733
"error",0.000261290171949843,6.867035771512e-05,0.0410387705678518,0.0390685723077031,0.0393409121183317,0.0280324717167232,0.00019235689735469,0.000306319000295024,0.00112058314321309,0.000644906678312564,0.000712927269904462,0.000359214268172108,0.000513037949311876
"0.05",0.283427899238487,0.188331891652824,0.294824570241582,0.362505286452981,0.382961432670826,0.328610585512588,0.984685231253329,0.977081974245466,-0.518858771500377,0.258287810829657,0.761039516104686,-0.0306472866372029,-0.00806998919946054
"0.25",0.298991722231155,0.189661856278272,0.305469430771389,0.590936234579233,0.513180706547409,0.479679853307032,0.994394050457875,0.979014839388089,-0.508633082593356,0.276522912690618,0.775414404345805,-0.0186678128876176,-0.00188812126555813
"0.5",0.311106672349303,0.196357968775371,0.313302076591888,0.688221903412656,0.606237034351516,0.54586309418614,0.998804606852437,0.981699138644099,-0.486916445768512,0.288004821511103,0.791494553561331,-0.0101180260676613,0.0128799478215621
"0.75",0.316998822081818,0.203214044191966,0.41367932247814,0.696905911254834,0.688937016929088,0.571847291189862,1.00468964743175,0.987466475488193,-0.463239104177531,0.296663005644638,0.807767829960561,-0.00275484563217424,0.0279235428926935
"0.95",0.317627924148969,0.204927919824206,0.646431223165753,0.712692873002097,0.794301062261983,0.626438853683382,1.0179372286797,0.996798630842217,-0.448307723831782,0.30812116825692,0.822606223442568,0.00637677279468487,0.0347666731882226
