"","beta0","beta1","beta2_1","beta2_2","p11","p22","delta1","delta2","gamma1","gamma2","gamma3","gamma4","gamma5"
"estimation",0.300882940137378,0.200709958460024,0.492405243187916,0.5051878362276,0.539599948437393,0.541945882792818,0.998413813493376,1.00078449543058,-0.499441305147151,0.300116604724127,0.801595911547685,-0.000742594627703001,0.000287153284314006
"error",0.000163579419787302,4.8267131240266e-05,0.071521255660753,0.0719187948841141,0.0793620889006082,0.0550198481529358,0.000146477293156221,0.00017426877470952,0.000217266372721061,0.000232872452192248,0.000273446870296756,0.000178760908365123,0.000164779741050798
"0.05",0.278767769827014,0.189432298690309,0.287297877479075,0.288967538628446,0.193163651570801,0.19205062001274,0.97746949779943,0.980513026618314,-0.522366497338218,0.272856414745046,0.773728271925025,-0.0239042126610348,-0.0194541652426592
"0.25",0.291714520880569,0.19585046370663,0.298151499579961,0.299995864885368,0.391166886175523,0.394613033485109,0.991036161626414,0.992956984343893,-0.510464720824797,0.289110717923547,0.790189877065829,-0.0106167911150063,-0.00835967591418214
"0.5",0.301450427193835,0.200466260489858,0.316625025635002,0.671911018829688,0.577414727616564,0.564506100561176,0.998471125696159,0.999842870714659,-0.49966472396522,0.2997027427171,0.801503697582073,-0.00089907148306945,-0.000172171071974496
"0.75",0.309895014862777,0.205356202939514,0.700162733444182,0.700639170136178,0.709833447112579,0.707389283992526,1.00589487204406,1.00782453252387,-0.48913945667672,0.309978069350078,0.812747546462681,0.00964281450772635,0.00802029964840681
"0.95",0.32238378631221,0.212820126910506,0.713881033324214,0.714619620319507,0.821184957913368,0.838474130567191,1.01624490091017,1.02058801782787,-0.473452309956149,0.32519145170271,0.8299460856912,0.0209858725843109,0.0224442688939176
