"","beta0","beta1","beta2_1","beta2_2","p11","p22","delta1","delta2","gamma1","gamma2","gamma3","gamma4","gamma5"
"estimation",0.301006566234126,0.198163468621168,0.29995676691291,0.699889695327482,0.704270783401328,0.378138974356748,0.999514141804149,1.00005866490694,-0.49928191615564,0.299850988498204,0.799529102213511,-0.000658732940309349,-0.000147803172262694
"error",0.000114495190428556,0.000141344068718986,1.85498512181732e-05,2.23009140875949e-05,0.00279720315997577,0.00946891300837098,1.55180181827839e-05,4.37106585356187e-05,4.26237302076948e-05,5.30223426706344e-05,5.89285035907146e-05,2.89369140558049e-05,2.63179715303606e-05
"0.05",0.281264712838163,0.181099554922623,0.292402302940579,0.692932241800822,0.616501002725811,0.190279090550291,0.993572411865978,0.988235782368936,-0.508540702259615,0.288218191604405,0.788142571033326,-0.00788839136604449,-0.00816286164729675
"0.25",0.292552460472729,0.189212046942086,0.296758122405812,0.696770260196649,0.668863589244973,0.320062387442789,0.996867725314914,0.996194477664122,-0.50395180027154,0.295131276592159,0.793878016952456,-0.00460102516718844,-0.00394133584894567
"0.5",0.30242655855915,0.197535876598019,0.300308532910156,0.699624149873456,0.703014623072665,0.395908738420346,0.999119125804555,1.00041639147899,-0.498607156578252,0.299643083059244,0.799038731239553,-0.00124738650982723,0.000268707492592711
"0.75",0.309078542267118,0.206335762047489,0.30243791116239,0.702678114158267,0.748974398944841,0.437441865191068,1.00262203205457,1.00447949895936,-0.494811474683797,0.304567816731207,0.804262614022019,0.00206500699554427,0.00389952329919852
"0.95",0.316090977610666,0.220355970114423,0.307001509031517,0.709372272671821,0.781492042792587,0.511150292545337,1.00533183617959,1.01140672236826,-0.488247875364747,0.312988221932135,0.813975801409052,0.00963561394388232,0.00712907514976162
