"","beta0","beta1","beta2_1","beta2_2","p11","p22","delta1","delta2","gamma1","gamma2","gamma3","gamma4","gamma5"
"estimation",0.319666151570532,0.191317510968175,0.292346691084065,0.711091272405673,0.551419746988858,0.453659920365413,1.00076658354541,0.986794118468838,-0.501891787510148,0.291623855401479,0.799210802668041,-0.00598037561512819,0.00964274817360957
"error",0.00268729443573324,0.000280881797226958,0.000190274110017288,0.000352177318172501,0.0227888389801332,0.0133035775065406,0.000460247925891623,0.000222381687013714,0.00226912660205557,0.00292574269194316,0.000358503770353757,0.000386700074167213,0.000620801673201149
