698s/10,beta0,beta1,beta2_1,beta2_2,p11,p22,delta1,delta2,gamma1,gamma2,gamma3,gamma4,gamma5
estimation,0.291671003,0.198472862,0.540269739,0.463858847,0.578054719,0.568945654,0.987331266,0.990175159,-0.508477709,0.306946327,0.785424961,0.011085057,-0.007284261
error,0.000653712,0.000293806,0.095741431,0.095843138,0.061048947,0.092086984,0.000625815,0.000542598,0.000588078,0.000422099,0.000879647,0.00084542,0.000650519
0.05,0.260710936,0.178811805,0.290441238,0.285492058,0.251311013,0.19645161,0.961710519,0.961684329,-0.544253172,0.282369617,0.743404308,-0.02560531,-0.041944978
0.25,0.271100328,0.18604419,0.311900156,0.297580748,0.399687565,0.393732469,0.969570153,0.974367246,-0.523844964,0.290726826,0.772490518,-0.004792715,-0.026115553
0.5,0.290457674,0.190807239,0.685799668,0.315073013,0.62701466,0.588354914,0.98191094,0.986073061,-0.504505025,0.307720052,0.788487073,0.009347011,-0.006606555
0.75,0.310579176,0.212926041,0.701610773,0.703871451,0.764386257,0.808267698,1.006409313,1.008869605,-0.491828397,0.318223694,0.806118723,0.022369207,0.007447379
0.95,0.326212491,0.22527754,0.710701903,0.724163094,0.830123985,0.871750407,1.02005263,1.019754982,-0.481440174,0.336410291,0.815849172,0.053518387,0.027782484
