"","beta0","beta1","beta2_1","beta2_2","p11","p22","delta1","delta2","gamma1","gamma2","gamma3","gamma4","gamma5"
"estimation",0.301742074499023,0.2015178171549,0.307651423537458,0.683523474825398,0.638666136639601,0.477432206908078,0.998829324901556,0.998335489267232,-0.50243027055366,0.30183072366705,0.804051182033217,0.00387747656635224,0.000523283101559452
"error",0.000183566691778891,5.65686750181736e-05,0.00185922673429119,0.00207514641830623,0.00714415494876826,0.0102495032673846,0.000127920429840981,0.000179143048802007,0.000264067979311595,0.000275312133076067,0.00038799697225584,0.000311975333856081,0.000163456509150597
"0.05",0.267994682654632,0.180616635799464,0.268688871629427,0.656549866132615,0.411367284235347,0.239775443340016,0.968999727293686,0.961174875533744,-0.545102333116498,0.257505665252635,0.755590677942871,-0.0429700730485626,-0.0333697387797941
"0.25",0.285251642752236,0.192859624368479,0.285061073237143,0.681966213023217,0.566358874786504,0.384956627794071,0.986682275733915,0.983787261466052,-0.521158279307953,0.283115065079068,0.78033612763244,-0.0139755815914001,-0.014186088868466
"0.5",0.304342784209736,0.20225594322502,0.295822783996607,0.695954423447025,0.651684920886434,0.481958123272857,0.998367201072666,0.999863267783712,-0.502113012647325,0.303995336681489,0.802755485852564,0.00450583878486592,0.00126417475878199
"0.75",0.317497462912628,0.210156713123499,0.306599067108948,0.708782808958581,0.721706763156648,0.577437149000398,1.01071734542291,1.01158036542176,-0.483438521386955,0.320727248097986,0.825564989643264,0.021698424103123,0.0148594810201083
"0.95",0.336157205683484,0.220575217519382,0.329653083017711,0.726594464885801,0.820044131149525,0.732907205172994,1.03077302396907,1.0332462052438,-0.459479265312507,0.346405117531241,0.854504580731617,0.0511450042016255,0.0337798017089066
