"","beta0","beta1","beta2_1","beta2_2","p11","p22","delta1","delta2","gamma1","gamma2","gamma3","gamma4","gamma5"
"estimation",0.299912291335583,0.200432647725756,0.506555114412035,0.490775553002301,0.536325984605499,0.537327458349409,1.00079978741545,0.999170303526376,-0.501496677028636,0.301390296512377,0.800949338499264,0.000566063447009594,-0.000375256509385252
"error",0.000133857824759863,5.31725899486218e-05,0.0716423738549054,0.0725969056292418,0.0527092010293969,0.0429653415014567,0.000173953258771778,0.000154994840138098,0.000209975744363138,0.000197719519627044,0.000310628101087278,0.000187886772630757,0.000142831498406968
"0.05",0.280528907190019,0.187307665916692,0.287528975391107,0.28621621252078,0.233194404316709,0.239008955251633,0.979520411846829,0.982292837209503,-0.529799231462546,0.278384043485602,0.771881175261323,-0.0232800135175695,-0.0206554876421542
"0.25",0.291392727207544,0.19566703002963,0.300802473817176,0.297808552576404,0.402767166455005,0.402512267792673,0.993370559074356,0.99166369099811,-0.511664118686482,0.290628202841199,0.788449081106674,-0.00941643636246775,-0.00941189389395022
"0.5",0.299030093827603,0.200601519716327,0.681224926921811,0.316801912665189,0.547853547759342,0.55233373101103,1.00066637433964,0.997984984262859,-0.501176877372064,0.300722017943054,0.800385641759838,0.00132091721107953,8.31105581104747e-05
"0.75",0.308596658062684,0.206003613668787,0.699320648501014,0.698003964989188,0.675344921073021,0.680168529038402,1.00811234798573,1.00583195847071,-0.491370956694903,0.311401996232719,0.8127651784921,0.0106182188070828,0.00781979878072388
"0.95",0.321070796430679,0.21275620917873,0.713177719815661,0.712627068960339,0.818591417424172,0.794769808314419,1.01978017616706,1.01548093073046,-0.476089539937241,0.327043649868611,0.834029907201678,0.0261393726563634,0.0205357509951949
