"","beta0","beta1","beta2_1","beta2_2","p11","p22","delta1","delta2","gamma1","gamma2","gamma3","gamma4","gamma5"
"estimation",0.301816289704222,0.199419342664723,0.299716080083448,0.696492212111197,0.678558490337129,0.39934587784577,0.997817551417162,0.998668787530735,-0.502746543482438,0.300778949665591,0.803002469033753,0.000899966232272489,-0.00165113102483305
"error",0.000354576886449215,9.1476628459863e-05,0.00079670901228488,0.000891301455663742,0.0098309752011772,0.0155877901118962,0.000190225784266147,0.000399119101946146,0.000509626087228821,0.000591717870353425,0.000801229053334902,0.000440081354659195,0.000324749430905201
"0.05",0.264569870775837,0.182376637558113,0.271972079029505,0.667457866282254,0.482182609513892,0.160202845985062,0.970401125431101,0.962242048631925,-0.546469405619296,0.253478063420847,0.751141428791662,-0.0375695814557364,-0.0380498287592888
"0.25",0.287187404541872,0.191752651095875,0.285445868165602,0.686078077794768,0.602922884460116,0.289149975401494,0.986652851563624,0.982612577936673,-0.521928445469949,0.282643119127792,0.779251984424169,-0.0169100233287123,-0.0158723491904856
"0.5",0.301261709623457,0.199330626898518,0.297219145133471,0.697834795727183,0.695847032658923,0.402515853566598,0.997853192226871,0.99852144767585,-0.501324417822291,0.299992713462894,0.802879444312424,0.000223111456696978,-0.00152040022520145
"0.75",0.315643278858543,0.206531688484359,0.308794497516909,0.710833153027219,0.761719105992961,0.483842269479207,1.00817499290595,1.01336511595259,-0.485646344066062,0.321130306534886,0.823492216306358,0.0178898689338121,0.0128568728344124
"0.95",0.339493833158615,0.218380374253037,0.326462012273621,0.731054330393797,0.839501796058326,0.6425402382479,1.02396738656928,1.04085379547376,-0.460426490338549,0.347704196995394,0.858849564515846,0.0411107136513873,0.033579683618681
