"","beta0","beta1","beta2_1","beta2_2","p11","p22","delta1","delta2","gamma1","gamma2","gamma3","gamma4","gamma5"
"estimation",0.300809016932179,0.194378266169903,0.298692668115899,0.701793411413751,0.478336796201378,0.666151799466496,0.999054217425016,0.988467365102725,-0.503640032821278,0.301420449766022,0.804551289708093,-0.00394961223232141,0.00179945470719413
"error",1.83615816740668e-05,4.48979516982038e-05,3.49977207472914e-05,6.16832088744107e-05,0.0592207448249018,0.0781938022238459,0.0001813165579392,0.000255073571247276,0.000121826806260846,4.3811618476566e-05,8.66888074970881e-05,0.00014072684833182,0.000197510824370372
"0.05",0.294782966576258,0.190739461554854,0.290393144321699,0.691860781091513,0.366847047210008,0.565173020665718,0.98265136647778,0.97175903583969,-0.516602751880483,0.292648634476846,0.795398411952382,-0.0131244245312453,-0.0163354047908798
"0.25",0.300591795277543,0.192316962249155,0.298232515493277,0.695630990363893,0.385439951565818,0.624436502513289,0.990582772691067,0.984619629498001,-0.509915478841646,0.299321315675899,0.798698566761692,-0.0127290300186119,-0.00494125820384201
"0.5",0.301760107248314,0.192645119097925,0.298628644091787,0.703198858649949,0.483408875759925,0.641441909212477,0.998176429488387,0.994213512421447,-0.505925129773502,0.302363803065588,0.802282061948623,-0.0106423530859487,0.00127656971360999
"0.75",0.302069827693471,0.195810641600596,0.302894865052004,0.707166954934131,0.519134566120898,0.710230188663579,1.00560981083751,0.996226946507616,-0.494790800187911,0.303513658391345,0.809919669649281,0.000953775447362897,0.00935012638112354
"0.95",0.3054480415712,0.199780945536567,0.304798184541298,0.711075010464717,0.617028326375535,0.785480635124162,1.01730880951443,0.998231669030684,-0.490393508168092,0.309441137694424,0.815810155474506,0.0129050108134681,0.0198666469423995
