"","beta0","beta1","beta2_1","beta2_2","p11","p22","delta1","delta2","gamma1","gamma2","gamma3","gamma4","gamma5"
"estimation",0.300252656292698,0.200417672541732,0.498061000915676,0.497564428823758,0.533296490506715,0.537481073642264,0.998652379645801,0.997894780859625,-0.502745543282131,0.301121171753754,0.803391881938932,-1.13051068966699e-05,-0.000214297374850274
"error",0.000399450376259076,0.000145156422114764,0.0747988553271795,0.0765065865749587,0.0640127865185143,0.0533849819397794,0.000358707491856582,0.000387424921829145,0.000547893477700608,0.00050458251206051,0.000977139125922572,0.000504788756952345,0.000404701706351913
"0.05",0.267775521037416,0.180249416363235,0.276313703271234,0.277617184538509,0.173381384913646,0.193369807984967,0.967434412854886,0.96561383470249,-0.542089900419382,0.265131588731773,0.751304505775023,-0.0385720860866094,-0.0333594975276544
"0.25",0.285763329093869,0.191663783979096,0.298646477094887,0.297872026514537,0.383707338236056,0.383707889413271,0.9858138996512,0.984988662378298,-0.518982660882752,0.285156762971092,0.782649989946414,-0.0154618172018437,-0.0146607202664214
"0.5",0.299929946418719,0.200520935438051,0.642861274357379,0.349823763239987,0.549821146888115,0.567332582411516,0.998381017819293,0.99789451191485,-0.502208242422481,0.301995588304441,0.803644258513625,-0.000164581929233416,-6.85221325632914e-05
"0.75",0.315105492536864,0.209303944286025,0.698134257352777,0.69872652482873,0.696908095831405,0.696854179966669,1.01085768655763,1.01136122542925,-0.486242042987649,0.315813752831043,0.823992282610311,0.0157322355877124,0.0131664173402478
"0.95",0.333563387319209,0.220354488629879,0.723454275552979,0.719293019173642,0.825823367901,0.820638460683164,1.0312188754589,1.03036555896946,-0.463663323458131,0.339936057334831,0.856076351521527,0.0370208407321885,0.0331697435723869
