"","beta0","beta1","beta2_1","beta2_2","p11","p22","delta1","delta2","gamma1","gamma2","gamma3","gamma4","gamma5"
"estimation",0.301932489704017,0.200403964156135,0.304459564503547,0.689285659178088,0.663740691136364,0.407673143401621,0.998123215713801,0.998365609941023,-0.503818322281248,0.302811146994677,0.804892458017914,0.000253900785235607,-0.000670064140885248
"error",0.000438039668033409,0.000125681168789217,0.00287826725224251,0.00314191268852603,0.0224664449737338,0.0171048221449791,0.000239901095617025,0.000414098250012741,0.000622895617588118,0.000564169433018314,0.000754580313248707,0.00049998186035676,0.0005802223876791
"0.05",0.265183186550771,0.179812261974273,0.269274886968799,0.662941574032146,0.4444974296564,0.160265022908703,0.972026187525141,0.961743417622441,-0.553403315684384,0.261432131065548,0.757831235993009,-0.0416010577283269,-0.0450102555169983
"0.25",0.285764898981155,0.191904159285885,0.28587602765192,0.684955123779466,0.589662691629155,0.317538142531212,0.987784633508014,0.983298812290446,-0.521573615456385,0.285994540425528,0.78340909246189,-0.0151071744815034,-0.0187177399572094
"0.5",0.301022984198159,0.200891908567354,0.29689441769946,0.697612474387433,0.681067060111499,0.409969765424303,0.998393221040402,0.998360573052617,-0.503092560774431,0.300744555916202,0.804805986515935,0.000578865903455257,-0.000161865239623731
"0.75",0.3166706495222,0.209235663445052,0.308544368251555,0.709446458100298,0.760391129115812,0.519690602547512,1.00922745353915,1.01266013402063,-0.484295154246278,0.31999269471481,0.824680640899623,0.0159537509669875,0.0167240826288745
"0.95",0.3430559016434,0.220030490426379,0.326843237604905,0.729815512793748,0.833743730725751,0.643379070815583,1.02411646841077,1.03601030150697,-0.461664300657796,0.346882758260481,0.856285356444236,0.0424385505142842,0.0409760565477974
