"","beta0","beta1","beta2_1","beta2_2","p11","p22","delta1","delta2","gamma1","gamma2","gamma3","gamma4","gamma5"
"estimation",0.301578621200647,0.199557997960623,0.50430297306357,0.490627413888617,0.532446266944065,0.546057833580854,0.998815899538068,0.998109279263845,-0.501669545449535,0.30161488149413,0.802739581872613,0.00105839214480761,-0.00105305411195608
"error",0.000434042153362467,0.000113431659018671,0.0726070394985094,0.074856723125965,0.0582847013830767,0.0519015816479278,0.000385038789160014,0.000396770814042775,0.000608923951168286,0.000726024200042942,0.00101883725691636,0.000541728607567334,0.000391576638228579
"0.05",0.264575678630397,0.182509998812591,0.278353655494521,0.276527321258719,0.193213805955055,0.193630911621187,0.96631467595728,0.964510128967221,-0.545221551971575,0.254003292039294,0.750692079952873,-0.0370847015318434,-0.0368229247438373
"0.25",0.287189988348859,0.191710681520458,0.298133548292634,0.297214298572522,0.385370534392836,0.409963874218101,0.985146120947564,0.985942092681197,-0.520123469865437,0.283054236296665,0.778419347559461,-0.0165387128384792,-0.0152764609071332
"0.5",0.301115411093242,0.199336557808731,0.659543401087947,0.329049160551969,0.543180021052484,0.577432581759803,0.998249373376459,0.997687069829116,-0.500847525969407,0.300737185006996,0.802490326410395,0.000658261352849929,-0.000852739237305379
"0.75",0.315201527141896,0.206563163404211,0.697294468286893,0.696762585056355,0.697709588950235,0.709799734379351,1.01175011240781,1.01000691011061,-0.485272966915913,0.321657296785009,0.824198560900291,0.0189081930454006,0.013007016410813
"0.95",0.339372350677475,0.218897356547312,0.721008414901183,0.722423191604889,0.810968679155122,0.818712855913291,1.03284932975094,1.03286261579404,-0.459884316733573,0.347920907093143,0.859066520774319,0.040922108581305,0.0329283869756226
