"","beta0","beta1","beta2_1","beta2_2","p11","p22","delta1","delta2","gamma1","gamma2","gamma3","gamma4","gamma5"
"estimation",0.312298486853951,0.189398175224823,0.319436684804581,0.678163677682002,0.671139097748861,0.406436334940178,0.998602283082648,0.997191123974765,-0.503425836581846,0.30235942880183,0.801738445437083,-0.000698854017004932,-0.000489666948031909
"error",0.00333525267698451,0.00326909014103341,0.00647962296154772,0.0065642400996109,0.0115894636779705,0.0211697491530907,0.000182349452499638,0.000409809400418637,0.000434245039924968,0.000487211709257577,0.000797457231649295,0.000426001890814546,0.00041507803825049
"0.05",0.207779868124553,0.0813430394859962,0.271103361305056,0.327788345485078,0.438014151064636,0.138118812445219,0.972884622893719,0.959582847104681,-0.544990489220427,0.261301644797945,0.745929186507842,-0.0406032249436296,-0.0383244907477512
"0.25",0.270063728493689,0.147736845346852,0.28783056298239,0.683268597938137,0.602927880798975,0.27625763445049,0.988209072386531,0.982292733349833,-0.518603406385669,0.284787591792258,0.780299536142567,-0.0162111810558836,-0.0156464081759268
"0.5",0.308904152965875,0.191818866724186,0.298126937131913,0.698289892567036,0.695568765704282,0.411992791087599,0.998621990980863,0.99689049924277,-0.503364756906491,0.302146341153605,0.80405353584106,-0.00114473236623885,-0.000535990598720343
"0.75",0.354778762264101,0.233457991275876,0.311013786637681,0.711669457658227,0.760403590251634,0.52569188797127,1.00911158684093,1.0109590768944,-0.48793714500796,0.318814798181133,0.823579954769647,0.0148165575385726,0.0150212989933307
"0.95",0.424859659504869,0.284768488914513,0.662846968893949,0.729152436553012,0.832338910614658,0.670981431614554,1.02468239031972,1.03153109462537,-0.465538105702342,0.346601094357559,0.854472433732808,0.0420205858564488,0.038779718575055
